# LoRa sniffer -- Heltec WiFi LoRa 32 V4, Shared layout, 5 slots. MeshCore, Meshtastic and the sniffer, two slots reserved
#
# GENERATED by tools/gen_layouts.py from firmware/include/sniffer/SlotPlan.hpp.
# Edit the geometry there, not here; then run:  python tools/gen_layouts.py
#
# Slot *addresses* are fixed and append-only: slot n lives at the same place
# whether this table declares one slot or five, so it can be rewritten in
# place to add a framework without ever moving one that already holds
# firmware. That is the whole reason growth is safe here.
#
# Slot *contents* differ per layout. In the shared layout slot n holds the
# n-th framework; in the standalone layout slot 0 holds the sniffer and so
# carries fs_sniffer rather than fs_meshcore. Getting that pairing wrong is
# not cosmetic: a MeshCore image flashed into a slot labelled fs_sniffer
# would adopt this firmware's settings.
#
#   ota_0 / fs_meshcore   meshcore
#   ota_1 / fs_meshtastic meshtastic
#   ota_2 / fs_sniffer    sniffer      <-- this firmware
#   ota_3 / fs_reticulum  reticulum
#   ota_4 / fs_lorawan    lorawan
#
# Meshtastic mounts LittleFS and MeshCore mounts SPIFFS. Handing either side
# the other's filesystem type makes it format the wrong one on boot and lose
# the settings of the other side of the pair, with no error anywhere.
#
# Every app offset is 64KB aligned. The bootloader refuses a misaligned app
# partition and reports nothing, so a board with one simply looks dead.
#
# Validate with: python tools/gate.py

# 0x0000  bootloader, flashed out of band and not described here
# 0x8000  this table, one 4 KB sector, not described here either
# 0x9000  first partition below

otadata        , data , ota      , 0x14000, 0x2000,
nvs            , data , nvs      , 0x16000, 0xA000,
coredump       , data , coredump , 0x20000, 0x10000,

ota_0          , app  , ota_0    , 0x30000, 0x200000,
fs_meshcore    , data , spiffs   , 0x230000, 0x100000,
ota_1          , app  , ota_1    , 0x330000, 0x200000,
fs_meshtastic  , data , littlefs , 0x530000, 0x100000,
ota_2          , app  , ota_2    , 0x630000, 0x200000,
fs_sniffer     , data , spiffs   , 0x830000, 0x100000,
ota_3          , app  , ota_3    , 0x930000, 0x200000,
fs_reticulum   , data , spiffs   , 0xB30000, 0x100000,
ota_4          , app  , ota_4    , 0xC30000, 0x200000,
fs_lorawan     , data , spiffs   , 0xE30000, 0x100000,

# 851968 bytes free after slot 4
